	HitNo	pdb	pdb_release_date	pdb_method	prob	Eval	Query_interval	Template_interval	Target_coverage	Template_score	Alignment	Truncated_pdb	Target_difficulty	Target_Neff	Target_classification	Target_title	Target_PDB_code	Template_DipDiff	Template_ChiDiff	Template_BBscore	Template_SCscore	Template_CaBLAMdiff	Template_DipCaBLAM_corr	Template_GDT_TS	Template_GDT_HA	Template_GDC_SC
0	1	7DXS_C	20210929	x-ray	97.0	9.4e-06	[3, 29]	[7, 33]	89.65517241379311	93.32758620689656	"KVVARVAEARAEDVGKRVVRVDKAERA
SVELRVAEAYPEDVGRGIVRMDKQTRA"	/data1/tmpCASP15/templates/structures/7DXS_C_7-33_truncated_to_T1160-D1.pdb	83.8845	16.45	TBM-easy	mk2h_deltaMILPYS   			14.700000000000003							
1	2	7DXR_A	20210929	x-ray	96.6	6e-05	[3, 29]	[7, 33]	89.65517241379311	93.12758620689655	"KVVARVAEARAEDVGKRVVRVDKAERA
SVVARVAEAYPEDVGKRIVRMDKYERA"	/data1/tmpCASP15/templates/structures/7DXR_A_5-31_truncated_to_T1160-D1.pdb	83.8845	16.45	TBM-easy	mk2h_deltaMILPYS   			15.100000000000009							
2	3	7DXW_A	20210929	x-ray	96.6	6.2e-05	[2, 29]	[6, 33]	93.10344827586206	94.85172413793103	"KKVVARVAEARAEDVGKRVVRVDKAERA
KSVVARVAEAYPEDVGKRVVRVDKYERA"	/data1/tmpCASP15/templates/structures/7DXW_A_4-31_truncated_to_T1160-D1.pdb	83.8845	16.45	TBM-easy	mk2h_deltaMILPYS   			15.200000000000003							
3	5	7DXX_A	20210929	x-ray	96.3	0.00017	[3, 29]	[7, 33]	89.65517241379311	92.97758620689655	"KVVARVAEARAEDVGKRVVRVDKAERA
KVVARVAEAYAEDVGKRVVRVDKYERA"	/data1/tmpCASP15/templates/structures/7DXX_A_5-31_truncated_to_T1160-D1.pdb	83.8845	16.45	TBM-easy	mk2h_deltaMILPYS   			-84.8							
4	7	7DXY_B	20210929	x-ray	96.1	0.00026	[4, 28]	[3, 27]	82.75862068965517	89.42931034482758	"VVARVAEARAEDVGKRVVRVDKAER
VVARVAEAYAEDVGKRVVRVDKYER"	/data1/tmpCASP15/templates/structures/7DXY_B_6-30_truncated_to_T1160-D1.pdb	83.8845	16.45	TBM-easy	mk2h_deltaMILPYS   			15.0							
5	8	7DXY_A	20210929	x-ray	96.1	0.00026	[4, 28]	[3, 27]	82.75862068965517	89.42931034482758	"VVARVAEARAEDVGKRVVRVDKAER
VVARVAEAYAEDVGKRVVRVDKYER"	/data1/tmpCASP15/templates/structures/7DXY_A_6-30_truncated_to_T1160-D1.pdb	83.8845	16.45	TBM-easy	mk2h_deltaMILPYS   			14.900000000000006							
6	11	5KIY_A	20171220	x-ray	94.4	0.0083	[2, 28]	[63, 89]	89.65517241379311	92.02758620689656	"KKVVARVAEARAEDVGKRVVRVDKAER
KRREAVCIVLSDDTCSDEKIRMNRVVR"	/data1/tmpCASP15/templates/structures/5KIY_A_63-89_truncated_to_T1160-D1.pdb	83.8845	16.45	TBM-easy	mk2h_deltaMILPYS   			14.0							
7	13	4KO8_B	20131113	x-ray	91.6	0.075	[4, 29]	[24, 47]	86.20689655172414	88.90344827586208	"VVARVAEARAEDVGKRVVRVDKAERA
NRLIVDEAINED--NSVVSLSQPKMD"	/data1/tmpCASP15/templates/structures/4KO8_B_24-47_truncated_to_T1160-D1.pdb	83.8845	16.45	TBM-easy	mk2h_deltaMILPYS   			14.400000000000006							
8	14	3HU3_B	20100616	x-ray	91.6	0.075	[4, 29]	[24, 47]	86.20689655172414	88.90344827586208	"VVARVAEARAEDVGKRVVRVDKAERA
NRLIVDEAINED--NSVVSLSQPKMD"	/data1/tmpCASP15/templates/structures/3HU3_B_24-47_truncated_to_T1160-D1.pdb	83.8845	16.45	TBM-easy	mk2h_deltaMILPYS   			11.100000000000009							
9	15	3CF3_C	20080422	x-ray	91.2	0.093	[2, 28]	[63, 89]	89.65517241379311	90.42758620689656	"KKVVARVAEARAEDVGKRVVRVDKAER
KRREAVCIVLSDDTCSDEKIRMNRVVR"	/data1/tmpCASP15/templates/structures/3CF3_C_63-89_truncated_to_T1160-D1.pdb	83.8845	16.45	TBM-easy	mk2h_deltaMILPYS   			14.600000000000009							
