	HitNo	pdb	pdb_release_date	pdb_method	prob	Eval	Query_interval	Template_interval	Target_coverage	Template_score	Alignment	Truncated_pdb	Target_difficulty	Target_Neff	Target_classification	Target_title	Target_PDB_code	Template_DipDiff	Template_ChiDiff	Template_BBscore	Template_SCscore	Template_CaBLAMdiff	Template_DipCaBLAM_corr	Template_GDT_TS	Template_GDT_HA	Template_GDC_SC
0	1	7DXS_C	20210929	x-ray	98.7	1.8e-11	[2, 47]	[2, 47]	93.75	96.225	"PMPGKKFVARVAEARAEDVGKRVVIIPKAERAKVGIKVGDVVEVKK
PMANSSVELRVAEAYPEDVGRGIVRMDKQTRAKLGVSVGDYVEVKK"	/data1/tmpCASP15/templates/structures/7DXS_C_2-47_truncated_to_T1161-D1.pdb	83.1135	21.06	TBM-easy	mk2h_deltaMILPYS_ph1   			99.4							
1	2	7DXR_A	20210929	x-ray	98.5	1.7e-10	[1, 47]	[1, 47]	95.83333333333333	97.16666666666666	"GPMPGKKFVARVAEARAEDVGKRVVIIPKAERAKVGIKVGDVVEVKK
GPMPGKSVVARVAEAYPEDVGKRIVRMDKYERAKLGVSVGDYVEVKK"	/data1/tmpCASP15/templates/structures/7DXR_A_-1-45_truncated_to_T1161-D1.pdb	83.1135	21.06	TBM-easy	mk2h_deltaMILPYS_ph1   			99.9							
2	4	7DXX_A	20210929	x-ray	98.2	3.2e-09	[2, 47]	[2, 47]	93.75	95.975	"PMPGKKFVARVAEARAEDVGKRVVIIPKAERAKVGIKVGDVVEVKK
PMPGKKVVARVAEAYAEDVGKRVVRVDKYERAKVGVKVGDYVEVKK"	/data1/tmpCASP15/templates/structures/7DXX_A_3-45_truncated_to_T1161-D1.pdb	83.1135	21.06	TBM-easy	mk2h_deltaMILPYS_ph1   			99.9							
3	5	7DXW_A	20210929	x-ray	98.1	1.1e-08	[1, 47]	[1, 47]	95.83333333333333	96.96666666666667	"GPMPGKKFVARVAEARAEDVGKRVVIIPKAERAKVGIKVGDVVEVKK
GPMPGKSVVARVAEAYPEDVGKRVVRVDKYERAKVGVSVGDYVEVKK"	/data1/tmpCASP15/templates/structures/7DXW_A_4-45_truncated_to_T1161-D1.pdb	83.1135	21.06	TBM-easy	mk2h_deltaMILPYS_ph1   			99.9							
4	7	7DXY_A	20210929	x-ray	97.8	6.5e-08	[8, 47]	[3, 42]	81.25	89.525	"FVARVAEARAEDVGKRVVIIPKAERAKVGIKVGDVVEVKK
VVARVAEAYAEDVGKRVVRVDKYERAKVGVKVGDYVEVKK"	/data1/tmpCASP15/templates/structures/7DXY_A_6-45_truncated_to_T1161-D1.pdb	83.1135	21.06	TBM-easy	mk2h_deltaMILPYS_ph1   			99.9							
5	8	7DXY_B	20210929	x-ray	97.8	6.5e-08	[8, 47]	[3, 42]	81.25	89.525	"FVARVAEARAEDVGKRVVIIPKAERAKVGIKVGDVVEVKK
VVARVAEAYAEDVGKRVVRVDKYERAKVGVKVGDYVEVKK"	/data1/tmpCASP15/templates/structures/7DXY_B_6-45_truncated_to_T1161-D1.pdb	83.1135	21.06	TBM-easy	mk2h_deltaMILPYS_ph1   			99.9							
7	10	7DU7_A	20210929	x-ray	97.3	1.6e-06	[1, 47]	[1, 47]	95.83333333333333	96.56666666666666	"GPMPGKKFVARVAEARAEDVGKRVVIIPKAERAKVGIKVGDVVEVKK
GPMPGLSVKLRVAEAYPEDVGKGIVRMDKASRAKLGVSVGDYVEVKK"	/data1/tmpCASP15/templates/structures/7DU7_A_4-45_truncated_to_T1161-D1.pdb	83.1135	21.06	TBM-easy	mk2h_deltaMILPYS_ph1   			99.9							
8	11	7DG7_A	20210929	x-ray	97.2	3.2e-06	[1, 47]	[1, 47]	95.83333333333333	96.51666666666667	"GPMPGKKFVARVAEARAEDVGKRVVIIPKAERAKVGIKVGDVVEVKK
GPMPGLPIKLRVEKAYPEDVGKRAVRMDKASRDRIGVSEGDLVKITG"	/data1/tmpCASP15/templates/structures/7DG7_A_6-47_truncated_to_T1161-D1.pdb	83.1135	21.06	TBM-easy	mk2h_deltaMILPYS_ph1   			99.9							
9	12	7DI1_B	20210929	x-ray	97.2	3.2e-06	[1, 47]	[1, 47]	95.83333333333333	96.51666666666667	"GPMPGKKFVARVAEARAEDVGKRVVIIPKAERAKVGIKVGDVVEVKK
GPMPGLSVKLRVAEAYPEDVGKRIVRMDKASRAKLGVSVGDYVEVKK"	/data1/tmpCASP15/templates/structures/7DI1_B_-1-45_truncated_to_T1161-D1.pdb	83.1135	21.06	TBM-easy	mk2h_deltaMILPYS_ph1   			99.2							
